12,드림 (가제),이소민,2022(예정),2022(예정),https://img1.daumcdn.net/thumb/C408x596/?fname=https%3A%2F%2Ft1.daumcdn.net%2Fmovie%2F30a2cb7df4e2fcb33409cfefe76cb11cd279bdad,https://movie.daum.net/moviedb/main?movieId=135762,movie
11,아무도 없는 곳,미영,2021.03.31,2021.03.31,https://t1.daumcdn.net/movie/845a3ab98e57c285df70bd910248d7559084b9f6,https://movie.daum.net/moviedb/main?movieId=129990,movie
10,호텔 델루나,장만월,2019.07.13,2019.09.01, https://image.tving.com/upload/cms/caip/CAIP0900/P000941062.png/dims/resize/240,http://program.tving.com/tvn/hoteldelluna,drama
9,페르소나,딸 은 한나 지은,2019.04.05,2019.04.05, https://spnimage.edaily.co.kr/images/photo/files/NP/S/2019/04/PS19040300233.jpg,https://www.netflix.com/kr/title/81044884,movie
8,나의 아저씨,이지안,2018.03.21,2018.05.17, https://image.tving.com/upload/cms/caip/CAIP0900/P000497140.jpg/dims/resize/240,http://program.tving.com/tvn/mymister,drama
7,달의 연인 - 보보경심 려,고하진/해수,2016.08.29,2016.11.01, http://img2.sbs.co.kr/img/sbs/RO/2016/08/12/RO20461587_w900_h1405.gif,https://programs.sbs.co.kr/drama/scarletheart/main?pc_searchclick=all_Pro_title_00_00,drama
6,프로듀사,신디,2015.05.15,2015.06.20,https://an2-img.amz.wtchn.net/image/v2/c607337b7d9a0d3c2a5df06343128593.jpg?jwt=ZXlKaGJHY2lPaUpJVXpJMU5pSjkuZXlKaVlXTnJaM0p2ZFc1a0lqcDdJbklpT2pJMU5Td2laeUk2TWpVMUxDSmlJam95TlRWOUxDSmpjbTl3SWpwMGNuVmxMQ0pvWldsbmFIUWlPalF3TUN3aWNHRjBhQ0k2SWk5Mk1TOW1lREp1ZHpVMlkzcG9lWFJ1ZVRoamJUVnFkQ0lzSW5GMVlXeHBkSGtpT2pnd0xDSjNhV1IwYUNJNk1qZ3dmUS5YUVdiS19TVjBuazlYMzRCdVZvVERJQ0NMNE1JNFdLcXpxczVfNmRua0Jn,https://program.kbs.co.kr/2tv/drama/produca/pc/index.html,drama
5,예쁜 남자,김보통,2013.11.20,2014.01.09, https://kaareklint.co.kr/file_data/kaareklint/6988c82edf51e9e5832c0ba4fe3b7821.jpg,https://program.kbs.co.kr/2tv/drama/belami/pc/index.html,drama
4,최고다 이순신,이순신,2013.03.09,2013.08.25,https://upload.wikimedia.org/wikipedia/ko/thumb/0/07/%EC%B5%9C%EA%B3%A0%EB%8B%A4_%EC%9D%B4%EC%88%9C%EC%8B%A0.jpg/250px-%EC%B5%9C%EA%B3%A0%EB%8B%A4_%EC%9D%B4%EC%88%9C%EC%8B%A0.jpg,https://program.kbs.co.kr/2tv/drama/soonsin/pc/index.html,drama
3,새미의 어드벤쳐 2,엘라,2012.08.01,2012.08.01, http://t1.daumcdn.net/cfile/1543E74B50008D1735,https://movie.daum.net/moviedb/main?movieId=71343,movie
2,초대받지 못한 손님,3단고음녀,2011.01.30,2011.01.30, http://t1.daumcdn.net/cfile/1854BC574D42136C04,https://movie.daum.net/moviedb/main?movieId=63135,movie
1,드림하이,김필숙,2011.01.03,2011.02.28, https://www.themoviedb.org/t/p/original/vqlPVNTnYNoXTqyIaW2oN1qV2lZ.jpg,https://program.kbs.co.kr/2tv/drama/dreamhigh/pc/index.html,drama
